EmployeeID,Name,Department,Age,Experience,Salary,PerformanceRating,RemoteWork
101,Employee_1,Marketing,41.0,9,75488.0,5,No
102,Employee_2,Operations,46.0,9,,2,Yes
103,Employee_3,Finance,43.0,10,114663.0,3,Yes
104,Employee_4,Operations,34.0,26,62431.0,2,No
105,Employee_5,Operations,40.0,25,101681.0,5,Yes
106,Employee_6,IT,57.0,26,103483.0,1,Yes
107,Employee_7,Finance,33.0,11,89153.0,1,No
108,Employee_8,Finance,40.0,2,46368.0,3,Yes
109,Employee_9,Finance,33.0,7,67424.0,4,No
110,Employee_10,Operations,30.0,18,85004.0,3,No
111,Employee_11,Marketing,28.0,27,123869.0,4,Yes
112,Employee_12,Finance,49.0,34,128652.0,2,No
113,Employee_13,Operations,35.0,27,96985.0,2,No
114,Employee_14,IT,52.0,17,90069.0,5,No
115,Employee_15,Marketing,40.0,24,92326.0,4,No
116,Employee_16,IT,37.0,25,148737.0,5,No
117,Employee_17,Marketing,26.0,7,121061.0,1,Yes
118,Employee_18,Operations,56.0,6,63398.0,4,Yes
119,Employee_19,HR,33.0,24,138393.0,3,No
120,Employee_20,Marketing,46.0,33,90861.0,1,No
121,Employee_21,IT,42.0,29,115897.0,1,Yes
122,Employee_22,Operations,57.0,22,121905.0,3,No
123,Employee_23,Marketing,44.0,26,108577.0,1,Yes
124,Employee_24,HR,37.0,28,105641.0,4,No
125,Employee_25,HR,35.0,21,49078.0,5,No
126,Employee_26,Finance,52.0,7,65003.0,1,No
127,Employee_27,Finance,26.0,17,102768.0,4,No
128,Employee_28,IT,56.0,20,91047.0,2,No
129,Employee_29,Marketing,44.0,20,111626.0,4,No
130,Employee_30,Marketing,50.0,22,97660.0,5,No
131,Employee_31,Finance,32.0,28,144386.0,4,Yes
132,Employee_32,Marketing,,7,89786.0,3,Yes
133,Employee_33,Marketing,33.0,1,41925.0,5,Yes
134,Employee_34,HR,30.0,32,123976.0,2,No
135,Employee_35,Finance,31.0,13,145221.0,3,No
136,Employee_36,Operations,38.0,30,66015.0,4,No
137,Employee_37,Finance,59.0,23,73320.0,5,No
138,Employee_38,Operations,28.0,19,104881.0,2,No
139,Employee_39,HR,34.0,32,130827.0,3,No
140,Employee_40,IT,30.0,30,142215.0,2,No
141,Employee_41,Marketing,48.0,29,66289.0,4,Yes
142,Employee_42,HR,23.0,29,43389.0,2,No
143,Employee_43,Marketing,26.0,30,65683.0,1,Yes
144,Employee_44,IT,50.0,16,53629.0,3,Yes
145,Employee_45,IT,58.0,19,101550.0,2,No
146,Employee_46,HR,59.0,18,64826.0,4,No
147,Employee_47,IT,40.0,1,140734.0,4,Yes
148,Employee_48,Operations,,14,66630.0,2,Yes
149,Employee_49,IT,22.0,2,138762.0,4,No
150,Employee_50,Marketing,43.0,28,86163.0,5,No
151,Employee_51,Marketing,38.0,30,138511.0,5,Yes
152,Employee_52,Marketing,28.0,4,106435.0,5,No
153,Employee_53,Marketing,46.0,1,51653.0,1,No
154,Employee_54,Operations,25.0,8,67961.0,2,No
155,Employee_55,Finance,57.0,29,121941.0,1,Yes
156,Employee_56,HR,27.0,3,114137.0,4,Yes
157,Employee_57,Marketing,52.0,32,73662.0,1,Yes
158,Employee_58,IT,40.0,10,138818.0,4,No
159,Employee_59,Marketing,48.0,10,96446.0,4,No
160,Employee_60,IT,31.0,19,61288.0,3,Yes
161,Employee_61,IT,47.0,34,135081.0,5,Yes
162,Employee_62,Marketing,40.0,33,76877.0,4,Yes
163,Employee_63,Operations,24.0,23,55313.0,3,No
164,Employee_64,IT,34.0,28,120885.0,5,Yes
165,Employee_65,IT,49.0,32,112715.0,4,Yes
166,Employee_66,Marketing,41.0,7,,4,No
167,Employee_67,IT,,29,41560.0,1,No
168,Employee_68,IT,,8,119148.0,1,No
169,Employee_69,Marketing,22.0,1,123186.0,5,Yes
170,Employee_70,Marketing,24.0,3,66745.0,4,No
171,Employee_71,HR,34.0,24,71890.0,2,No
172,Employee_72,Operations,49.0,23,60022.0,1,Yes
173,Employee_73,Operations,46.0,8,92579.0,5,No
174,Employee_74,IT,54.0,3,110316.0,4,Yes
175,Employee_75,Operations,59.0,33,123847.0,4,Yes
176,Employee_76,IT,27.0,28,68380.0,2,No
177,Employee_77,HR,53.0,8,42356.0,5,No
178,Employee_78,Marketing,42.0,34,110326.0,4,No
179,Employee_79,Marketing,37.0,32,132447.0,1,No
180,Employee_80,Marketing,42.0,24,129899.0,2,No
181,Employee_81,Operations,32.0,14,60049.0,5,No
182,Employee_82,HR,58.0,32,115717.0,2,Yes
183,Employee_83,Operations,57.0,16,145361.0,1,Yes
184,Employee_84,Operations,56.0,4,56082.0,5,No
185,Employee_85,HR,40.0,21,40661.0,2,Yes
186,Employee_86,HR,41.0,14,77412.0,3,No
187,Employee_87,HR,39.0,31,42920.0,1,Yes
188,Employee_88,HR,35.0,18,131194.0,1,Yes
189,Employee_89,Marketing,36.0,7,100315.0,1,Yes
190,Employee_90,Finance,52.0,10,,3,No
191,Employee_91,Finance,,7,48946.0,3,Yes
192,Employee_92,HR,24.0,33,134242.0,4,No
193,Employee_93,Finance,37.0,23,85500.0,2,Yes
194,Employee_94,Finance,44.0,21,144540.0,4,Yes
195,Employee_95,HR,32.0,19,56309.0,2,Yes
196,Employee_96,Finance,33.0,19,95230.0,3,Yes
197,Employee_97,Operations,31.0,29,138656.0,3,Yes
198,Employee_98,IT,53.0,18,70027.0,4,No
199,Employee_99,IT,37.0,2,112541.0,5,No
200,Employee_100,HR,29.0,1,99321.0,4,Yes
201,Employee_101,Marketing,59.0,5,40956.0,2,Yes
202,Employee_102,HR,33.0,20,140375.0,4,Yes
203,Employee_103,Marketing,45.0,11,114131.0,1,Yes
204,Employee_104,IT,49.0,2,87908.0,2,No
205,Employee_105,HR,29.0,3,118339.0,2,Yes
206,Employee_106,Operations,49.0,23,65963.0,5,No
207,Employee_107,Finance,57.0,12,141757.0,3,Yes
208,Employee_108,Marketing,47.0,20,79443.0,2,No
209,Employee_109,Finance,29.0,5,139259.0,3,Yes
210,Employee_110,Finance,49.0,30,79063.0,4,Yes
211,Employee_111,HR,49.0,9,120818.0,1,No
212,Employee_112,Finance,58.0,34,44703.0,5,Yes
213,Employee_113,Operations,57.0,22,105128.0,3,Yes
214,Employee_114,Finance,48.0,24,112099.0,2,Yes
215,Employee_115,HR,38.0,17,65849.0,3,No
216,Employee_116,Operations,30.0,10,71860.0,2,Yes
217,Employee_117,IT,54.0,30,71585.0,3,Yes
218,Employee_118,Finance,41.0,23,62015.0,2,No
219,Employee_119,HR,34.0,32,117539.0,4,No
220,Employee_120,IT,,17,83585.0,2,No
221,Employee_121,IT,50.0,17,66958.0,2,Yes
222,Employee_122,Marketing,34.0,14,66017.0,1,Yes
223,Employee_123,Operations,56.0,9,116707.0,2,Yes
224,Employee_124,Finance,27.0,2,85350.0,1,No
225,Employee_125,HR,39.0,25,52201.0,5,Yes
226,Employee_126,Marketing,26.0,9,69426.0,1,Yes
227,Employee_127,Operations,46.0,22,57778.0,4,No
228,Employee_128,Marketing,23.0,4,85241.0,1,No
229,Employee_129,Operations,31.0,26,82229.0,5,No
230,Employee_130,Operations,51.0,29,,4,No
231,Employee_131,Finance,26.0,34,88364.0,3,No
232,Employee_132,Operations,54.0,23,,3,Yes
233,Employee_133,Marketing,22.0,11,124878.0,1,No
234,Employee_134,Operations,39.0,6,97056.0,1,Yes
235,Employee_135,Finance,53.0,18,67490.0,5,Yes
236,Employee_136,Finance,32.0,21,59975.0,5,No
237,Employee_137,Marketing,42.0,34,66723.0,2,No
238,Employee_138,IT,47.0,17,63279.0,5,No
239,Employee_139,IT,46.0,25,118301.0,2,Yes
240,Employee_140,Operations,43.0,12,51561.0,4,No
241,Employee_141,HR,48.0,23,147435.0,1,No
242,Employee_142,Operations,34.0,22,106061.0,4,No
243,Employee_143,Marketing,54.0,21,128397.0,5,No
244,Employee_144,Marketing,55.0,27,89153.0,4,No
245,Employee_145,Marketing,56.0,31,73142.0,4,Yes
246,Employee_146,Marketing,22.0,6,66916.0,4,Yes
247,Employee_147,Marketing,42.0,27,104324.0,5,Yes
248,Employee_148,Finance,27.0,34,84965.0,4,No
249,Employee_149,IT,49.0,12,44648.0,2,No
250,Employee_150,Marketing,38.0,7,75133.0,5,No
251,Employee_151,HR,26.0,10,90677.0,4,Yes
252,Employee_152,HR,52.0,17,136059.0,5,No
253,Employee_153,HR,26.0,26,134588.0,3,No
254,Employee_154,HR,59.0,21,139950.0,2,No
255,Employee_155,Finance,24.0,28,138317.0,4,Yes
256,Employee_156,HR,44.0,2,110135.0,3,No
257,Employee_157,Marketing,58.0,1,75046.0,3,Yes
258,Employee_158,Operations,58.0,26,87064.0,5,No
259,Employee_159,HR,31.0,29,141459.0,3,Yes
260,Employee_160,Finance,31.0,21,146625.0,2,Yes
261,Employee_161,Finance,40.0,11,109350.0,2,Yes
262,Employee_162,HR,38.0,11,,1,No
263,Employee_163,Operations,42.0,34,141520.0,2,No
264,Employee_164,HR,35.0,24,101272.0,3,Yes
265,Employee_165,Finance,30.0,22,132152.0,2,Yes
266,Employee_166,IT,22.0,5,107649.0,5,No
267,Employee_167,Marketing,34.0,33,104674.0,1,No
268,Employee_168,Finance,25.0,20,148542.0,3,Yes
269,Employee_169,HR,,19,53760.0,1,No
270,Employee_170,Marketing,53.0,17,61927.0,3,No
271,Employee_171,HR,55.0,34,126475.0,5,No
272,Employee_172,HR,49.0,9,101367.0,1,No
273,Employee_173,IT,52.0,26,137955.0,4,Yes
274,Employee_174,Marketing,29.0,2,52588.0,3,No
275,Employee_175,Marketing,47.0,9,141678.0,4,No
276,Employee_176,IT,55.0,9,144734.0,1,Yes
277,Employee_177,Finance,24.0,17,,4,Yes
278,Employee_178,HR,33.0,1,84738.0,4,No
279,Employee_179,Operations,22.0,25,73397.0,1,No
280,Employee_180,HR,26.0,25,122189.0,5,No
281,Employee_181,HR,51.0,3,116367.0,4,No
282,Employee_182,Finance,51.0,30,111260.0,4,Yes
283,Employee_183,HR,38.0,34,116619.0,5,Yes
284,Employee_184,IT,44.0,12,59816.0,4,Yes
285,Employee_185,IT,36.0,19,82240.0,4,No
286,Employee_186,Marketing,58.0,17,46276.0,4,No
287,Employee_187,Operations,42.0,10,144199.0,2,No
288,Employee_188,HR,35.0,12,119530.0,5,No
289,Employee_189,HR,23.0,16,63499.0,4,Yes
290,Employee_190,Finance,32.0,24,128576.0,5,Yes
291,Employee_191,IT,59.0,19,148856.0,3,No
292,Employee_192,Operations,55.0,8,122495.0,3,Yes
293,Employee_193,Marketing,59.0,31,111635.0,4,No
294,Employee_194,IT,55.0,21,147803.0,5,No
295,Employee_195,Marketing,39.0,17,125112.0,5,Yes
296,Employee_196,Finance,51.0,23,75946.0,5,No
297,Employee_197,Finance,36.0,16,95204.0,2,No
298,Employee_198,HR,48.0,6,91886.0,3,Yes
299,Employee_199,Operations,55.0,8,,5,No
300,Employee_200,Marketing,59.0,25,55563.0,5,No
301,Employee_201,IT,54.0,18,132324.0,2,Yes
302,Employee_202,Finance,45.0,25,132464.0,2,No
303,Employee_203,HR,36.0,12,141872.0,5,Yes
304,Employee_204,HR,51.0,15,49847.0,1,No
305,Employee_205,Marketing,38.0,26,66155.0,5,Yes
306,Employee_206,Finance,26.0,26,119671.0,5,Yes
307,Employee_207,Operations,50.0,32,123310.0,2,Yes
308,Employee_208,Finance,25.0,10,107278.0,2,No
309,Employee_209,Marketing,31.0,16,58309.0,5,Yes
310,Employee_210,Marketing,38.0,7,40619.0,5,Yes
311,Employee_211,Finance,31.0,17,123194.0,5,Yes
312,Employee_212,Marketing,38.0,23,90108.0,2,Yes
313,Employee_213,Finance,41.0,26,74707.0,5,Yes
314,Employee_214,IT,45.0,21,60337.0,5,No
315,Employee_215,Finance,26.0,22,121537.0,4,No
316,Employee_216,Finance,55.0,7,106504.0,1,No
317,Employee_217,Marketing,27.0,14,87614.0,3,No
318,Employee_218,Marketing,23.0,15,131428.0,1,No
319,Employee_219,HR,34.0,7,131155.0,4,No
320,Employee_220,HR,32.0,9,40281.0,3,No
321,Employee_221,IT,44.0,8,67420.0,5,Yes
322,Employee_222,HR,37.0,23,120896.0,4,No
323,Employee_223,Finance,52.0,29,79030.0,5,Yes
324,Employee_224,Marketing,32.0,18,41058.0,2,Yes
325,Employee_225,HR,37.0,31,126213.0,4,No
326,Employee_226,HR,29.0,30,,2,Yes
327,Employee_227,IT,25.0,18,68404.0,4,Yes
328,Employee_228,IT,25.0,17,143482.0,4,Yes
329,Employee_229,Finance,46.0,14,145284.0,2,Yes
330,Employee_230,Marketing,24.0,31,69856.0,3,No
331,Employee_231,IT,53.0,24,49200.0,1,No
332,Employee_232,HR,24.0,34,104178.0,5,No
333,Employee_233,Marketing,48.0,3,73997.0,4,No
334,Employee_234,Marketing,50.0,26,65611.0,5,No
335,Employee_235,HR,53.0,23,81235.0,2,No
336,Employee_236,IT,40.0,15,75057.0,5,No
337,Employee_237,HR,42.0,4,41239.0,2,No
338,Employee_238,Marketing,26.0,29,143674.0,5,No
339,Employee_239,Operations,39.0,22,105661.0,1,No
340,Employee_240,Operations,49.0,25,85272.0,1,Yes
341,Employee_241,Finance,43.0,13,129393.0,1,No
342,Employee_242,HR,42.0,18,101212.0,1,Yes
343,Employee_243,HR,27.0,33,55398.0,1,Yes
344,Employee_244,Finance,22.0,16,96503.0,1,Yes
345,Employee_245,Finance,26.0,2,46638.0,2,Yes
346,Employee_246,Finance,33.0,34,46570.0,4,No
347,Employee_247,Marketing,47.0,30,108785.0,5,Yes
348,Employee_248,HR,55.0,13,49110.0,1,No
349,Employee_249,Marketing,35.0,13,145899.0,2,No
350,Employee_250,Finance,,18,119141.0,2,Yes
351,Employee_251,HR,48.0,32,52115.0,2,No
352,Employee_252,Marketing,30.0,32,79062.0,4,Yes
353,Employee_253,Marketing,47.0,29,62911.0,5,Yes
354,Employee_254,Finance,43.0,29,144061.0,4,No
355,Employee_255,HR,51.0,16,72556.0,3,No
356,Employee_256,Finance,38.0,10,118131.0,2,Yes
357,Employee_257,HR,47.0,30,41969.0,3,No
358,Employee_258,Operations,57.0,25,83753.0,1,No
359,Employee_259,IT,22.0,20,122811.0,1,No
360,Employee_260,IT,29.0,5,44470.0,4,Yes
361,Employee_261,IT,56.0,1,50225.0,5,Yes
362,Employee_262,Finance,36.0,30,147860.0,3,No
363,Employee_263,Operations,43.0,3,147510.0,5,No
364,Employee_264,HR,35.0,14,148295.0,4,No
365,Employee_265,Marketing,47.0,30,63196.0,1,No
366,Employee_266,HR,49.0,4,,5,No
367,Employee_267,Marketing,44.0,18,53669.0,5,Yes
368,Employee_268,HR,35.0,25,77380.0,1,No
369,Employee_269,Operations,45.0,1,88320.0,3,Yes
370,Employee_270,Marketing,23.0,15,87414.0,1,No
371,Employee_271,Finance,47.0,9,143542.0,5,Yes
372,Employee_272,HR,35.0,15,55577.0,3,No
373,Employee_273,HR,28.0,24,128009.0,3,Yes
374,Employee_274,Marketing,24.0,4,95409.0,1,No
375,Employee_275,Finance,44.0,12,68625.0,5,Yes
376,Employee_276,Finance,39.0,6,121040.0,4,Yes
377,Employee_277,Operations,59.0,24,64089.0,5,Yes
378,Employee_278,Finance,56.0,11,76487.0,2,Yes
379,Employee_279,Finance,36.0,13,105838.0,4,Yes
380,Employee_280,Finance,46.0,34,136999.0,3,Yes
381,Employee_281,IT,58.0,25,,4,No
382,Employee_282,Operations,49.0,7,90138.0,3,Yes
383,Employee_283,HR,31.0,4,82823.0,3,No
384,Employee_284,Marketing,38.0,8,77208.0,4,No
385,Employee_285,HR,43.0,20,94061.0,3,No
386,Employee_286,Operations,47.0,29,70659.0,3,No
387,Employee_287,Marketing,46.0,10,141376.0,2,No
388,Employee_288,Operations,38.0,34,71890.0,5,Yes
389,Employee_289,Finance,34.0,26,119134.0,5,Yes
390,Employee_290,Marketing,41.0,3,87055.0,2,Yes
391,Employee_291,Finance,46.0,6,59508.0,4,No
392,Employee_292,HR,25.0,5,82287.0,1,Yes
393,Employee_293,HR,31.0,5,118916.0,1,Yes
394,Employee_294,Marketing,24.0,23,66984.0,1,Yes
395,Employee_295,Marketing,39.0,9,48125.0,2,Yes
396,Employee_296,Operations,57.0,20,76059.0,2,Yes
397,Employee_297,Operations,43.0,18,109569.0,3,No
398,Employee_298,Finance,55.0,17,143409.0,1,Yes
399,Employee_299,Marketing,29.0,24,57087.0,4,No
400,Employee_300,HR,40.0,3,146437.0,4,No
401,Employee_301,Operations,58.0,32,45704.0,1,No
402,Employee_302,Operations,27.0,13,100576.0,1,No
403,Employee_303,HR,47.0,25,113384.0,1,No
404,Employee_304,Operations,55.0,9,127128.0,2,Yes
405,Employee_305,Finance,,4,112460.0,2,Yes
406,Employee_306,Marketing,,14,67208.0,2,Yes
407,Employee_307,HR,54.0,34,125150.0,5,No
408,Employee_308,Marketing,43.0,11,106024.0,4,Yes
409,Employee_309,Operations,42.0,3,79882.0,4,Yes
410,Employee_310,Operations,27.0,28,65923.0,3,No
411,Employee_311,HR,,29,141477.0,2,No
412,Employee_312,Finance,25.0,9,69165.0,5,No
413,Employee_313,IT,51.0,3,107203.0,5,No
414,Employee_314,HR,32.0,25,131749.0,4,Yes
415,Employee_315,IT,51.0,34,,2,No
416,Employee_316,IT,52.0,12,104965.0,3,No
417,Employee_317,Finance,45.0,9,76321.0,2,Yes
418,Employee_318,IT,30.0,15,,1,Yes
419,Employee_319,IT,24.0,25,136652.0,2,No
420,Employee_320,Finance,52.0,5,139304.0,1,Yes
421,Employee_321,IT,58.0,11,65426.0,1,No
422,Employee_322,IT,57.0,34,57772.0,3,No
423,Employee_323,IT,,24,143754.0,4,Yes
424,Employee_324,HR,52.0,15,43712.0,2,Yes
425,Employee_325,HR,27.0,8,41367.0,1,No
426,Employee_326,HR,23.0,5,146493.0,2,No
427,Employee_327,Finance,41.0,26,147317.0,4,No
428,Employee_328,Operations,49.0,18,,4,Yes
429,Employee_329,IT,32.0,6,91924.0,5,No
430,Employee_330,IT,25.0,13,43726.0,4,No
431,Employee_331,Finance,36.0,28,,3,No
432,Employee_332,IT,27.0,5,67723.0,1,No
433,Employee_333,HR,51.0,13,143110.0,5,No
434,Employee_334,Operations,59.0,17,140494.0,3,Yes
435,Employee_335,Marketing,23.0,32,49108.0,2,No
436,Employee_336,IT,36.0,29,117714.0,1,No
437,Employee_337,HR,32.0,3,75643.0,4,No
438,Employee_338,Marketing,29.0,34,71324.0,1,No
439,Employee_339,Operations,47.0,27,143896.0,2,Yes
440,Employee_340,Marketing,26.0,13,123360.0,5,Yes
441,Employee_341,HR,,33,48927.0,5,Yes
442,Employee_342,Marketing,47.0,6,133680.0,5,No
443,Employee_343,Finance,25.0,24,136546.0,4,No
444,Employee_344,Marketing,40.0,19,62443.0,3,Yes
445,Employee_345,IT,41.0,16,119973.0,3,Yes
446,Employee_346,IT,54.0,28,103449.0,1,Yes
447,Employee_347,Finance,41.0,33,,4,No
448,Employee_348,HR,33.0,13,145314.0,5,No
449,Employee_349,IT,22.0,25,116743.0,5,Yes
450,Employee_350,Operations,47.0,27,100233.0,2,Yes
451,Employee_351,IT,35.0,7,65537.0,2,Yes
452,Employee_352,IT,59.0,5,141293.0,5,No
453,Employee_353,HR,58.0,31,117576.0,5,No
454,Employee_354,Marketing,32.0,23,147522.0,4,No
455,Employee_355,IT,57.0,10,62612.0,3,Yes
456,Employee_356,Finance,34.0,32,133977.0,2,Yes
457,Employee_357,Marketing,24.0,30,46471.0,3,No
458,Employee_358,Operations,54.0,31,75631.0,4,Yes
459,Employee_359,HR,27.0,18,148997.0,5,No
460,Employee_360,Operations,31.0,2,132059.0,3,Yes
461,Employee_361,Marketing,26.0,14,71348.0,5,Yes
462,Employee_362,Marketing,44.0,13,104732.0,5,Yes
463,Employee_363,Marketing,31.0,29,41177.0,1,Yes
464,Employee_364,Operations,23.0,12,44760.0,3,No
465,Employee_365,Marketing,34.0,2,72779.0,3,Yes
466,Employee_366,Operations,23.0,32,61636.0,5,No
467,Employee_367,Marketing,41.0,13,121889.0,4,No
468,Employee_368,Finance,22.0,27,93551.0,1,No
469,Employee_369,Marketing,58.0,17,51556.0,5,Yes
470,Employee_370,Operations,30.0,31,67598.0,2,No
471,Employee_371,IT,38.0,34,51563.0,2,No
472,Employee_372,Marketing,30.0,24,86819.0,1,No
473,Employee_373,IT,32.0,6,149326.0,4,Yes
474,Employee_374,Finance,36.0,19,113770.0,5,Yes
475,Employee_375,HR,45.0,30,131055.0,3,No
476,Employee_376,Finance,59.0,7,,1,Yes
477,Employee_377,Marketing,56.0,10,121709.0,4,No
478,Employee_378,IT,51.0,32,,3,No
479,Employee_379,IT,52.0,34,66987.0,2,Yes
480,Employee_380,Operations,26.0,28,118714.0,2,No
481,Employee_381,IT,35.0,15,144874.0,3,Yes
482,Employee_382,Operations,32.0,30,98348.0,1,Yes
483,Employee_383,HR,30.0,29,64596.0,2,No
484,Employee_384,Marketing,55.0,22,73174.0,5,Yes
485,Employee_385,Operations,33.0,4,,3,Yes
486,Employee_386,HR,56.0,20,147510.0,3,No
487,Employee_387,IT,56.0,32,109967.0,2,No
488,Employee_388,IT,22.0,4,99182.0,1,Yes
489,Employee_389,HR,43.0,27,133300.0,5,Yes
490,Employee_390,IT,50.0,17,127163.0,1,No
491,Employee_391,HR,29.0,12,79310.0,4,Yes
492,Employee_392,Operations,32.0,22,96088.0,4,Yes
493,Employee_393,Operations,58.0,17,48906.0,2,Yes
494,Employee_394,HR,35.0,10,76914.0,2,Yes
495,Employee_395,Operations,51.0,1,85379.0,2,Yes
496,Employee_396,Operations,56.0,22,118612.0,4,Yes
497,Employee_397,Operations,42.0,26,77650.0,1,Yes
498,Employee_398,Finance,58.0,18,86881.0,1,No
499,Employee_399,Marketing,26.0,14,86413.0,2,No
500,Employee_400,IT,40.0,29,46012.0,5,No
501,Employee_401,Finance,35.0,12,90115.0,1,No
502,Employee_402,Operations,47.0,12,47151.0,4,No
503,Employee_403,HR,25.0,7,97716.0,3,Yes
504,Employee_404,Operations,46.0,29,133747.0,3,Yes
505,Employee_405,Marketing,46.0,11,132653.0,3,Yes
506,Employee_406,Operations,39.0,33,76378.0,5,Yes
507,Employee_407,HR,29.0,6,82652.0,2,No
508,Employee_408,Marketing,35.0,15,112430.0,4,Yes
509,Employee_409,Operations,53.0,32,53467.0,5,Yes
510,Employee_410,Marketing,59.0,11,71010.0,4,No
511,Employee_411,IT,54.0,23,94691.0,4,Yes
512,Employee_412,IT,44.0,26,104157.0,2,Yes
513,Employee_413,Operations,36.0,34,148177.0,3,No
514,Employee_414,Marketing,54.0,34,52289.0,2,Yes
515,Employee_415,HR,46.0,29,84976.0,5,Yes
516,Employee_416,Operations,38.0,4,83596.0,5,Yes
517,Employee_417,IT,54.0,17,,5,Yes
518,Employee_418,IT,23.0,13,140441.0,2,Yes
519,Employee_419,Operations,35.0,15,126365.0,4,No
520,Employee_420,Marketing,27.0,29,139590.0,4,No
521,Employee_421,IT,27.0,29,84139.0,1,No
522,Employee_422,Marketing,24.0,11,88713.0,5,No
523,Employee_423,IT,28.0,32,69734.0,4,No
524,Employee_424,IT,29.0,2,112588.0,1,No
525,Employee_425,Finance,36.0,14,103646.0,4,Yes
526,Employee_426,IT,50.0,20,43654.0,5,No
527,Employee_427,HR,54.0,22,129022.0,3,No
528,Employee_428,Operations,51.0,11,58743.0,5,Yes
529,Employee_429,Operations,48.0,27,88368.0,2,Yes
530,Employee_430,Marketing,57.0,3,130025.0,4,No
531,Employee_431,IT,50.0,17,114172.0,4,Yes
532,Employee_432,HR,59.0,28,46441.0,2,No
533,Employee_433,Marketing,54.0,29,64611.0,2,Yes
534,Employee_434,Finance,58.0,21,147971.0,3,No
535,Employee_435,Marketing,48.0,16,52149.0,4,Yes
536,Employee_436,Marketing,54.0,20,,4,Yes
537,Employee_437,IT,25.0,6,99189.0,3,No
538,Employee_438,Finance,43.0,19,147904.0,1,No
539,Employee_439,Marketing,23.0,5,61675.0,3,No
540,Employee_440,HR,31.0,3,111031.0,5,No
541,Employee_441,HR,26.0,1,,4,No
542,Employee_442,Operations,31.0,15,53673.0,2,Yes
543,Employee_443,Finance,54.0,34,116666.0,5,No
544,Employee_444,Finance,59.0,25,128204.0,4,No
545,Employee_445,Operations,34.0,24,120758.0,3,Yes
546,Employee_446,Marketing,52.0,12,105429.0,5,Yes
547,Employee_447,Finance,57.0,18,63669.0,4,No
548,Employee_448,HR,45.0,15,74068.0,1,Yes
549,Employee_449,HR,36.0,16,128789.0,1,Yes
550,Employee_450,IT,50.0,27,49435.0,2,No
551,Employee_451,Finance,29.0,8,134088.0,4,Yes
552,Employee_452,Marketing,26.0,25,92249.0,1,Yes
553,Employee_453,Operations,50.0,17,77384.0,3,No
554,Employee_454,Operations,25.0,29,121929.0,4,No
555,Employee_455,Marketing,33.0,8,116153.0,3,Yes
556,Employee_456,IT,23.0,15,144056.0,3,Yes
557,Employee_457,Operations,48.0,27,115388.0,1,No
558,Employee_458,Finance,52.0,7,71401.0,4,Yes
559,Employee_459,IT,57.0,3,111831.0,5,Yes
560,Employee_460,Finance,57.0,29,,1,Yes
561,Employee_461,HR,47.0,24,74084.0,1,No
562,Employee_462,IT,48.0,3,145111.0,4,Yes
563,Employee_463,Operations,26.0,20,95826.0,4,Yes
564,Employee_464,IT,41.0,15,76451.0,3,No
565,Employee_465,IT,32.0,25,47227.0,4,Yes
566,Employee_466,IT,31.0,30,,3,Yes
567,Employee_467,IT,59.0,14,76041.0,1,No
568,Employee_468,Finance,27.0,7,128920.0,2,No
569,Employee_469,HR,29.0,17,105681.0,5,No
570,Employee_470,Marketing,44.0,20,143314.0,1,No
571,Employee_471,IT,47.0,9,121571.0,4,Yes
572,Employee_472,Operations,33.0,22,105481.0,5,Yes
573,Employee_473,IT,47.0,2,108576.0,2,No
574,Employee_474,Operations,34.0,24,147958.0,2,No
575,Employee_475,Finance,39.0,8,,3,Yes
576,Employee_476,Operations,46.0,11,66160.0,5,No
577,Employee_477,Marketing,54.0,13,57633.0,3,Yes
578,Employee_478,HR,33.0,17,134880.0,1,No
579,Employee_479,Operations,57.0,8,57014.0,5,Yes
580,Employee_480,Operations,,21,120532.0,1,No
581,Employee_481,HR,26.0,18,89104.0,3,No
582,Employee_482,Marketing,58.0,30,81621.0,5,Yes
583,Employee_483,IT,29.0,18,117231.0,3,No
584,Employee_484,Operations,49.0,31,108388.0,5,Yes
585,Employee_485,HR,52.0,32,56014.0,3,Yes
586,Employee_486,Finance,,11,132578.0,2,Yes
587,Employee_487,HR,50.0,25,73755.0,3,Yes
588,Employee_488,Finance,35.0,33,80390.0,2,Yes
589,Employee_489,Marketing,43.0,8,63711.0,3,No
590,Employee_490,IT,32.0,11,131658.0,5,No
591,Employee_491,HR,44.0,22,97993.0,5,Yes
592,Employee_492,Operations,22.0,24,114696.0,5,No
593,Employee_493,Marketing,58.0,17,67213.0,4,Yes
594,Employee_494,HR,42.0,12,144956.0,1,No
595,Employee_495,Operations,47.0,32,97784.0,5,No
596,Employee_496,HR,57.0,15,47421.0,2,No
597,Employee_497,Finance,44.0,16,126936.0,5,No
598,Employee_498,HR,22.0,22,139073.0,4,Yes
599,Employee_499,HR,36.0,28,57727.0,2,Yes
600,Employee_500,HR,42.0,20,44358.0,4,No
